m,before,after,snpp_fill,change_%
2025-02,11662,12390,0,6.0
2025-03,18709,19979,0,7.0
2025-04,58149,56474,0,-3.0
2025-05,47069,48376,0,3.0
2025-06,5220,5913,259,13.0
2025-07,973,930,0,-4.0
2025-08,428,410,0,-4.0
2025-09,1110,1085,0,-2.0
2025-10,13872,13497,0,-3.0
2025-11,29730,33258,0,12.0
2025-12,13699,14222,0,4.0
2026-01,7266,7870,0,8.0
2026-02,10716,12653,572,18.0
2026-03,10169,9685,0,-5.0
2026-04,68548,68950,0,1.0
2026-05,45640,45640,0,0.0
2026-06,7418,7998,0,8.0
2026-07,1858,2182,0,17.0
2026-08,583,655,0,12.0
2026-09,1043,1026,0,-2.0
